Links ,City
"https://www.glassdoor.com/Job/saint-petersburg-jobs-SRCH_IL.0,16_IC1154421.htm",St-petersburg
"https://www.glassdoor.com/Job/jobs.htm?sc.keyword=&clickSource=searchBox&locId=1154162&locT=C&locName=Hialeah%2C%20FL%20(US)",Hialeah
"https://www.glassdoor.com/Job/brandon-jobs-SRCH_IL.0,7_IC1154386.htm",Brandon
"https://www.glassdoor.com/Job/jobs.htm?sc.keyword=&clickSource=searchBox&locId=1138213&locT=C&locName=Washington%2C%20DC%20(US)",Washington
"https://www.glassdoor.com/Job/jobs.htm?sc.keyword=&clickSource=searchBox&locId=1132348&locT=C&locName=New%20York%2C%20NY%20(US)",NewYork
"https://www.glassdoor.com/Job/jobs.htm?sc.keyword=&clickSource=searchBox&locId=1146821&locT=C&locName=Los%20Angeles%2C%20CA%20(US)",LosAngeles
"https://www.glassdoor.com/Job/jobs.htm?sc.keyword=&clickSource=searchBox&locId=1128808&locT=C&locName=Chicago%2C%20IL%20(US)",Chicago
"https://www.glassdoor.com/Job/jobs.htm?sc.keyword=&clickSource=searchBox&locId=1140171&locT=C&locName=Houston%2C%20TX%20(US)",Houston
"https://www.glassdoor.com/Job/jobs.htm?sc.keyword=&clickSource=searchBox&locId=1152672&locT=C&locName=Philadelphia%2C%20PA%20(US)",Philadalphia
"https://www.glassdoor.com/Job/jobs.htm?sc.keyword=&clickSource=searchBox&locId=1133904&locT=C&locName=Phoenix%2C%20AZ%20(US)",Phoenix
"https://www.glassdoor.com/Job/jobs.htm?sc.keyword=&clickSource=searchBox&locId=1140494&locT=C&locName=San%20Antonio%2C%20TX%20(US)",SanAntonio
"https://www.glassdoor.com/Job/jobs.htm?sc.keyword=&clickSource=searchBox&locId=1147311&locT=C&locName=San%20Diego%2C%20CA%20(US)",SanDiego
"https://www.glassdoor.com/Job/jobs.htm?sc.keyword=&clickSource=searchBox&locId=1139977&locT=C&locName=Dallas%2C%20TX%20(US)",Dallas
"https://www.glassdoor.com/Job/jobs.htm?sc.keyword=&clickSource=searchBox&locId=1147436&locT=C&locName=San%20Jose%2C%20CA%20(US)",SanJose
"https://www.glassdoor.com/Job/jobs.htm?sc.keyword=&clickSource=searchBox&locId=1139761&locT=C&locName=Austin%2C%20TX%20(US)",Austin
"https://www.glassdoor.com/Job/jobs.htm?sc.keyword=&clickSource=searchBox&locId=1154093&locT=C&locName=Jacksonville%2C%20FL%20(US)",Jacksonville
"https://www.glassdoor.com/Job/jobs.htm?sc.keyword=&clickSource=searchBox&locId=1145013&locT=C&locName=Indianapolis%2C%20IN%20(US)",Indianapolis
"https://www.glassdoor.com/Job/jobs.htm?sc.keyword=&clickSource=searchBox&locId=1147401&locT=C&locName=San%20Francisco%2C%20CA%20(US)",SanFrancisco
"https://www.glassdoor.com/Job/jobs.htm?sc.keyword=&clickSource=searchBox&locId=1145845&locT=C&locName=Columbus%2C%20OH%20(US)",Columbus
"https://www.glassdoor.com/Job/jobs.htm?sc.keyword=&clickSource=searchBox&locId=1139993&locT=C&locName=Fort%20Worth%2C%20TX%20(US)",FortWorth
"https://www.glassdoor.com/Job/jobs.htm?sc.keyword=&clickSource=searchBox&locId=1138644&locT=C&locName=Charlotte%2C%20NC%20(US)",Charlotte
"https://www.glassdoor.com/Job/jobs.htm?sc.keyword=&clickSource=searchBox&locId=1134644&locT=C&locName=Detroit%2C%20MI%20(US)",Detroit
"https://www.glassdoor.com/Job/jobs.htm?sc.keyword=&clickSource=searchBox&locId=1140105&locT=C&locName=El%20Paso%2C%20TX%20(US)",ElPaso
"https://www.glassdoor.com/Job/jobs.htm?sc.keyword=&clickSource=searchBox&locId=1144463&locT=C&locName=Memphis%2C%20TN%20(US)",Memphis
"https://www.glassdoor.com/Job/jobs.htm?sc.keyword=&clickSource=searchBox&locId=1154532&locT=C&locName=Boston%2C%20MA%20(US)",Boston
"https://www.glassdoor.com/Job/jobs.htm?sc.keyword=&clickSource=searchBox&locId=1150505&locT=C&locName=Seattle%2C%20WA%20(US)",Seattle
"https://www.glassdoor.com/Job/jobs.htm?sc.keyword=&clickSource=searchBox&locId=1148170&locT=C&locName=Denver%2C%20CO%20(US)",Denver
"https://www.glassdoor.com/Job/jobs.htm?sc.keyword=&clickSource=searchBox&locId=1144541&locT=C&locName=Nashville%2C%20TN%20(US)",Nashville
"https://www.glassdoor.com/Job/jobs.htm?sc.keyword=&clickSource=searchBox&locId=1153527&locT=C&locName=Baltimore%2C%20MD%20(US)",Baltimore
"https://www.glassdoor.com/Job/jobs.htm?sc.keyword=&clickSource=searchBox&locId=1137724&locT=C&locName=Louisville%2C%20KY%20(US)",Louisville
"https://www.glassdoor.com/Job/jobs.htm?sc.keyword=&clickSource=searchBox&locId=1151614&locT=C&locName=Portland%2C%20OR%20(US)",Portland
"https://www.glassdoor.com/Job/jobs.htm?sc.keyword=&clickSource=searchBox&locId=1136950&locT=C&locName=Oklahoma%20City%2C%20OK%20(US)",Oklahoma�
"https://www.glassdoor.com/Job/jobs.htm?sc.keyword=&clickSource=searchBox&locId=1133579&locT=C&locName=Milwaukee%2C%20WI%20(US)",Milwaukee
"https://www.glassdoor.com/Job/jobs.htm?sc.keyword=&clickSource=searchBox&locId=1149603&locT=C&locName=Las%20Vegas%2C%20NV%20(US)",LasVegas
"https://www.glassdoor.com/Job/jobs.htm?sc.keyword=&clickSource=searchBox&locId=1137959&locT=C&locName=Albuquerque%2C%20NM%20(US)",Albuquerque
"https://www.glassdoor.com/Job/jobs.htm?sc.keyword=&clickSource=searchBox&locId=1133996&locT=C&locName=Tucson%2C%20AZ%20(US)",Tucson
"https://www.glassdoor.com/Job/jobs.htm?sc.keyword=&clickSource=searchBox&locId=1146705&locT=C&locName=Fresno%2C%20CA%20(US)",Fresno
"https://www.glassdoor.com/Job/jobs.htm?sc.keyword=&clickSource=searchBox&locId=1147229&locT=C&locName=Sacramento%2C%20CA%20(US)",Sacramento
"https://www.glassdoor.com/Job/jobs.htm?sc.keyword=&clickSource=searchBox&locId=1146819&locT=C&locName=Long%20Beach%2C%20CA%20(US)",LongBeach
"https://www.glassdoor.com/Job/jobs.htm?sc.keyword=&clickSource=searchBox&locId=1131040&locT=C&locName=Kansas%20City%2C%20MO%20(US)",Kansas
"https://www.glassdoor.com/Job/jobs.htm?sc.keyword=&clickSource=searchBox&locId=1133897&locT=C&locName=Mesa%2C%20AZ%20(US)",Mesa
"https://www.glassdoor.com/Job/jobs.htm?sc.keyword=&clickSource=searchBox&locId=1130324&locT=C&locName=Virginia%20Beach%2C%20VA%20(US)",VirginiaBeach
"https://www.glassdoor.com/Job/jobs.htm?sc.keyword=&clickSource=searchBox&locId=1155583&locT=C&locName=Atlanta%2C%20GA%20(US)",Atlanta
"https://www.glassdoor.com/Job/jobs.htm?sc.keyword=&clickSource=searchBox&locId=1148136&locT=C&locName=Colorado%20Springs%2C%20CO%20(US)",ColoradoSprings
"https://www.glassdoor.com/Job/jobs.htm?sc.keyword=&clickSource=searchBox&locId=1138960&locT=C&locName=Raleigh%2C%20NC%20(US)",Raleigh
"https://www.glassdoor.com/Job/jobs.htm?sc.keyword=&clickSource=searchBox&locId=1154170&locT=C&locName=Miami%2C%20FL%20(US)",Miami
"https://www.glassdoor.com/Job/jobs.htm?sc.keyword=&clickSource=searchBox&locId=1147380&locT=C&locName=Oakland%2C%20CA%20(US)",Oakland
"https://www.glassdoor.com/Job/jobs.htm?sc.keyword=&clickSource=searchBox&locId=1137055&locT=C&locName=Tulsa%2C%20OK%20(US)",Tulsa
"https://www.glassdoor.com/Job/jobs.htm?sc.keyword=&clickSource=searchBox&locId=1142551&locT=C&locName=Minneapolis%2C%20MN%20(US)",Minneapolis
"https://www.glassdoor.com/Job/cleveland-jobs-SRCH_IL.0,9_IC1145778.htm",Cleveland
"https://www.glassdoor.com/Job/jobs.htm?sc.keyword=&clickSource=searchBox&locId=1151230&locT=C&locName=Wichita%2C%20KS%20(US)",Wichita
"https://www.glassdoor.com/Job/jobs.htm?sc.keyword=&clickSource=searchBox&locId=1139951&locT=C&locName=Arlington%2C%20TX%20(US)",Arlington
"https://www.glassdoor.com/Job/jobs.htm?sc.keyword=&clickSource=searchBox&locId=1150035&locT=C&locName=New%20Orleans%2C%20LA%20(US)",NewOrleans
"https://www.glassdoor.com/Job/jobs.htm?sc.keyword=&clickSource=searchBox&locId=1146557&locT=C&locName=Bakersfield%2C%20CA%20(US)",Bakersfield
"https://www.glassdoor.com/Job/jobs.htm?sc.keyword=&clickSource=searchBox&locId=1154429&locT=C&locName=Tampa%2C%20FL%20(US)",Tampa
"https://www.glassdoor.com/Job/jobs.htm?sc.keyword=&clickSource=searchBox&locId=1140656&locT=C&locName=Honolulu%2C%20HI%20(US)",Honolulu
"https://www.glassdoor.com/Job/anaheim-jobs-SRCH_IL.0,7_IC1146743.htm?radius=0",Anaheim
"https://www.glassdoor.com/Job/jobs.htm?sc.keyword=&clickSource=searchBox&locId=1148156&locT=C&locName=Aurora%2C%20CO%20(US)",Aurora
"https://www.glassdoor.com/Job/santa-ana-jobs-SRCH_IL.0,9_IC1146870.htm?radius=0",SantaAna
"https://www.glassdoor.com/Job/jobs.htm?sc.keyword=&clickSource=searchBox&locId=1131270&locT=C&locName=Saint%20Louis%2C%20MO%20(US)",SaintLouis
"https://www.glassdoor.com/Job/jobs.htm?sc.keyword=&clickSource=searchBox&locId=1147138&locT=C&locName=Riverside%2C%20CA%20(US)",Riverside
"https://www.glassdoor.com/Job/jobs.htm?sc.keyword=&clickSource=searchBox&locId=1139919&locT=C&locName=Corpus%20Christi%2C%20TX%20(US)",CorpusChristi
"https://www.glassdoor.com/Job/jobs.htm?sc.keyword=&clickSource=searchBox&locId=1152990&locT=C&locName=Pittsburgh%2C%20PA%20(US)",Pittsburgh
"https://www.glassdoor.com/Job/jobs.htm?sc.keyword=&clickSource=searchBox&locId=3749474&locT=C&locName=Lexington-Fayette%2C%20KY%20(US)",Lexington
"https://www.glassdoor.com/Job/jobs.htm?sc.keyword=&clickSource=searchBox&locId=1134201&locT=C&locName=Anchorage%2C%20AK%20(US)",Anchorage
"https://www.glassdoor.com/Job/jobs.htm?sc.keyword=&clickSource=searchBox&locId=1147539&locT=C&locName=Stockton%2C%20CA%20(US)",Stockton
"https://www.glassdoor.com/Job/jobs.htm?sc.keyword=&clickSource=searchBox&locId=1147539&locT=C&locName=Stockton%2C%20CA%20(US)",Cincinnati
"https://www.glassdoor.com/Job/jobs.htm?sc.keyword=&clickSource=searchBox&locId=1142575&locT=C&locName=Saint%20Paul%2C%20MN%20(US)",SaintPaul
"https://www.glassdoor.com/Job/jobs.htm?sc.keyword=&clickSource=searchBox&locId=1146248&locT=C&locName=Toledo%2C%20OH%20(US)",Toledo
"https://www.glassdoor.com/Job/jobs.htm?sc.keyword=&clickSource=searchBox&locId=1126906&locT=C&locName=Newark%2C%20NJ%20(US)",Newark
"https://www.glassdoor.com/Job/jobs.htm?sc.keyword=&clickSource=searchBox&locId=1138755&locT=C&locName=Greensboro%2C%20NC%20(US)",Greensboro
"https://www.glassdoor.com/Job/jobs.htm?sc.keyword=&clickSource=searchBox&locId=1140045&locT=C&locName=Plano%2C%20TX%20(US)",Plano
"https://www.glassdoor.com/Job/jobs.htm?sc.keyword=&clickSource=searchBox&locId=1149600&locT=C&locName=Henderson%2C%20NV%20(US)",Henderson
"https://www.glassdoor.com/Job/jobs.htm?sc.keyword=&clickSource=searchBox&locId=1136371&locT=C&locName=Lincoln%2C%20NE%20(US)",Lincoln
"https://www.glassdoor.com/Job/jobs.htm?sc.keyword=&clickSource=searchBox&locId=1131850&locT=C&locName=Buffalo%2C%20NY%20(US)",Buffalo
"https://www.glassdoor.com/Job/jobs.htm?sc.keyword=&clickSource=searchBox&locId=1144939&locT=C&locName=Fort%20Wayne%2C%20IN%20(US)",FortWayne
"https://www.glassdoor.com/Job/jersey-city-jobs-SRCH_IL.0,11_IC1126819.htm?radius=0",Jersey�
"https://www.glassdoor.com/Job/chula-vista-jobs-SRCH_IL.0,11_IC1147280.htm?radius=0",ChulaVista
"https://www.glassdoor.com/Job/jobs.htm?sc.keyword=&clickSource=searchBox&locId=1154247&locT=C&locName=Orlando%2C%20FL%20(US)",Orlando
"https://www.glassdoor.com/Job/jobs.htm?sc.keyword=&clickSource=searchBox&locId=7407&locT=S&locName=Norfolk%2C%20UK",Norfolk
"https://www.glassdoor.com/Job/chandler-jobs-SRCH_IL.0,8_IC1133878.htm?radius=0",Chandler
"https://www.glassdoor.com/Job/jobs.htm?sc.keyword=&clickSource=searchBox&locId=1140286&locT=C&locName=Laredo%2C%20TX%20(US)",Laredo
"https://www.glassdoor.com/Job/jobs.htm?sc.keyword=&clickSource=searchBox&locId=1133470&locT=C&locName=Madison%2C%20WI%20(US)",Madison
"https://www.glassdoor.com/Job/durham-jobs-SRCH_IL.0,6_IC1138697.htm?radius=0",Durham
"https://www.glassdoor.com/Job/lubbock-jobs-SRCH_IL.0,7_IC1140320.htm?radius=0",Lubbock
"https://www.glassdoor.com/Job/jobs.htm?sc.keyword=&clickSource=searchBox&locId=1139151&locT=C&locName=Winston-Salem%2C%20NC%20(US)",Winston-Salem
"https://www.glassdoor.com/Job/garland-jobs-SRCH_IL.0,7_IC1139995.htm?radius=0",Garland
"https://www.glassdoor.com/Job/glendale-jobs-SRCH_IL.0,8_IC1133888.htm?radius=0",Glendale
"https://www.glassdoor.com/Job/reno-jobs-SRCH_IL.0,4_IC1149627.htm?radius=0",Reno
"https://www.glassdoor.com/Job/jobs.htm?sc.keyword=&clickSource=searchBox&locId=1149789&locT=C&locName=Baton%20Rouge%2C%20LA%20(US)",BatonRouge
"https://www.glassdoor.com/Job/irvine-jobs-SRCH_IL.0,6_IC1146798.htm?radius=0",Irvine
"https://www.glassdoor.com/Job/chesapeake-jobs-SRCH_IL.0,10_IC1130279.htm?radius=0",Chesapeake
"https://www.glassdoor.com/Job/irving-jobs-SRCH_IL.0,6_IC1140006.htm?radius=0",Irving
"https://www.glassdoor.com/Job/scottsdale-jobs-SRCH_IL.0,10_IC1133911.htm?radius=0",Scottsdale
"https://www.glassdoor.com/Job/north-las-vegas-jobs-SRCH_IL.0,15_IC1149609.htm?radius=",North Las Vegas
"https://www.glassdoor.com/Job/fremont-jobs-SRCH_IL.0,7_IC1147355.htm?radius=0",Fremont
"https://www.glassdoor.com/Job/gilbert-jobs-SRCH_IL.0,7_IC1133887.htm?radius=0",GilbertTown
"https://www.glassdoor.com/Job/san-bernardino-jobs-SRCH_IL.0,14_IC1147140.htm?radius=0",SanBernardino
"https://www.glassdoor.com/Job/jobs.htm?sc.keyword=&clickSource=searchBox&locId=1127927&locT=C&locName=Boise%2C%20ID%20(US)",Boise
"https://www.glassdoor.com/Job/birmingham-jobs-SRCH_IL.0,10_IC1127429.htm?radius=0",Birmingham
